asset_id,brand,lane,hook,caption,cta,organic_url,paid_url,paid_headline,best_channels,primary_metric,approval_gate,status
yum-lunch-decision,yum!,local order,what should we eat?,"First yum! lunch? Start with what sounds good, then choose the Twin Cities kitchen on today's route. Breakfast, lunch, dinner, and bakery are all on the current menu.

Order Online: https://yumkitchen.com/order?utm_source=instagram&utm_medium=organic_social&utm_campaign=yum_social_launch_2026_07&utm_content=yum-lunch-decision_v01

#yumKitchen #TwinCitiesEats #MadeFromScratch",Order Online,https://yumkitchen.com/order?utm_source=instagram&utm_medium=organic_social&utm_campaign=yum_social_launch_2026_07&utm_content=yum-lunch-decision_v01,https://yumkitchen.com/order?utm_source=meta&utm_medium=paid_social&utm_campaign=yum_social_launch_2026_07&utm_content=yum-lunch-decision_v01,Lunch is handled,"Instagram Reels, TikTok, YouTube Shorts, Meta paid",completed order sessions,Confirm the destination and use only current menu footage.,"production-ready, operational gate pending where noted"
yum-four-kitchens,yum!,four locations,nearby yum! is the move,"Four Twin Cities kitchens: St. Louis Park, Shady Oak, St. Paul, and Woodbury. Pick the location that works for today's order.

Find Your yum!: https://yumkitchen.com/yum-kitchen?utm_source=instagram&utm_medium=organic_social&utm_campaign=yum_social_launch_2026_07&utm_content=yum-four-kitchens_v01#locations

#yumKitchen #TwinCitiesRestaurants #MinnesotaFood",Find Your yum!,https://yumkitchen.com/yum-kitchen?utm_source=instagram&utm_medium=organic_social&utm_campaign=yum_social_launch_2026_07&utm_content=yum-four-kitchens_v01#locations,https://yumkitchen.com/yum-kitchen?utm_source=meta&utm_medium=paid_social&utm_campaign=yum_social_launch_2026_07&utm_content=yum-four-kitchens_v01#locations,Pick your kitchen,"Instagram Reels, Facebook, Stories, local Meta paid",location page clicks,Confirm all four location pages and order routes are live.,"production-ready, operational gate pending where noted"
yum-catering-room,yum!,catering leads,feed the room,"The meeting is booked. Lunch should be too. Start a catering note with the date, group size, pickup kitchen, and what the room needs.

Start a Catering Note: https://yumkitchen.com/catering?utm_source=instagram&utm_medium=organic_social&utm_campaign=yum_social_launch_2026_07&utm_content=yum-catering-room_v01#inquiry

#yumKitchen #TwinCitiesCatering #OfficeCatering",Start a Catering Note,https://yumkitchen.com/catering?utm_source=instagram&utm_medium=organic_social&utm_campaign=yum_social_launch_2026_07&utm_content=yum-catering-room_v01#inquiry,https://yumkitchen.com/catering?utm_source=meta&utm_medium=paid_social&utm_campaign=yum_social_launch_2026_07&utm_content=yum-catering-room_v01#inquiry,Feed the room,"Instagram Reels, LinkedIn, Facebook, Meta lead ads",qualified catering inquiries,"Confirm catering notice language, pickup scope, and lead owner.","production-ready, operational gate pending where noted"
patticake-gift-drop,Patticake,gifting,"send cake, not a card","Send cake, not a card. Add the note, choose the current pickup or delivery path, and give them something meant to be shared.

Send a Patticake: https://patticake.com/patticake?utm_source=instagram&utm_medium=organic_social&utm_campaign=yum_social_launch_2026_07&utm_content=patticake-gift-drop_v01

#Patticake #SendACake #ThankYouGift",Send a Patticake,https://patticake.com/patticake?utm_source=instagram&utm_medium=organic_social&utm_campaign=yum_social_launch_2026_07&utm_content=patticake-gift-drop_v01,https://patticake.com/patticake?utm_source=meta&utm_medium=paid_social&utm_campaign=yum_social_launch_2026_07&utm_content=patticake-gift-drop_v01,"Send cake, not a card","Instagram Reels, TikTok, YouTube Shorts, Meta paid",Patticake order starts,Confirm the live Patticake destination and current delivery options.,"production-ready, operational gate pending where noted"
patticake-birthday-first-slice,Patticake,birthday cake,"birthday cake, handled","A birthday cake that does not feel like a backup plan. Share the date, message, and pickup or delivery details to start.

Plan the Cake: https://patticake.com/order-a-cake?utm_source=instagram&utm_medium=organic_social&utm_campaign=yum_social_launch_2026_07&utm_content=patticake-birthday-first-slice_v01

#Patticake #BirthdayCake #TwinCitiesCakes",Plan the Cake,https://patticake.com/order-a-cake?utm_source=instagram&utm_medium=organic_social&utm_campaign=yum_social_launch_2026_07&utm_content=patticake-birthday-first-slice_v01,https://patticake.com/order-a-cake?utm_source=meta&utm_medium=paid_social&utm_campaign=yum_social_launch_2026_07&utm_content=patticake-birthday-first-slice_v01,"Birthday cake, handled","Instagram Reels, TikTok, Stories, Meta paid",birthday cake request completions,Confirm whether the production flow should say order or request for each route.,"production-ready, operational gate pending where noted"
patticake-event-inquiry,Patticake,weddings and events,cake for the table,"Cake for the table you planned. Start the inquiry with the date, occasion, and details the bakery team should see.

Start an Event Inquiry: https://patticake.com/order-a-cake?utm_source=instagram&utm_medium=organic_social&utm_campaign=yum_social_launch_2026_07&utm_content=patticake-event-inquiry_v01

#Patticake #TwinCitiesWedding #EventCake",Start an Event Inquiry,https://patticake.com/order-a-cake?utm_source=instagram&utm_medium=organic_social&utm_campaign=yum_social_launch_2026_07&utm_content=patticake-event-inquiry_v01,https://patticake.com/order-a-cake?utm_source=meta&utm_medium=paid_social&utm_campaign=yum_social_launch_2026_07&utm_content=patticake-event-inquiry_v01,Cake for the table,"Instagram Reels, Pinterest video, Stories, Meta paid",qualified event cake inquiries,"Confirm event scope, service area, lead owner, and approved inquiry language.","production-ready, operational gate pending where noted"
